matrix_size,timing
128,0.0103084
256,0.10501559999999999
512,0.8505438000000002
768,2.940414666666667
1024,24.6216674
1280,43.775354
1536,83.56187933333334
1792,167.38647533333332
2048,242.29753933333333
